parcel_id;zona_provincia;tipo_olivar;riego;superficie_ha;variedad;estado_fenologico;tipo_suelo;drenaje;pendiente_%;distancia_rio_m;altitud_m;rain_72h_mm;rain_7d_mm;temp_media_7d;humedad_suelo_%;profundidad_suelo_cm;materia_organica_%;rendimiento_esperado_kg_ha;precio_mercado_eur_kg;coste_variable_ha;duracion_encharcamiento_dias;_ready_for_ml;_cols_complete;_n_parcelas_ov
cliente_1_P001;Granada;Tradicional;Secano;0.088;Hojiblanca;Floracion;Franco;Bueno;108;807;1212;0.0;0.0;22.5;12.5;110;3.74;1100.0;3.65;450.0;0.0;True;22;33
cliente_1_P002;Granada;Intensivo;Secano;1.3092;Manzanilla;Brotacion;Franco;Bueno;20;246;1130;0.0;0.0;22.7;9.2;85;3.15;2200.0;4.0;650.0;0.0;True;22;33
cliente_1_P003;Granada;Intensivo;Secano;0.9193;Arbequina;Brotacion;Franco;Bueno;22;126;1127;0.0;0.0;22.7;9.2;85;3.15;2150.0;4.2;650.0;0.0;True;22;33
cliente_1_P004;Granada;Tradicional;Riego;0.4969;Arbequina;Brotacion;Franco;Bueno;28;378;1140;0.0;0.0;22.6;9.2;85;2.86;2950.0;4.2;780.0;0.0;True;22;33
cliente_1_P005;Granada;Intensivo;Secano;1.1043;Arbequina;Cuajado;Franco;Bueno;25;179;1137;0.0;0.0;22.6;9.2;85;3.03;2150.0;4.2;650.0;0.0;True;22;33
cliente_1_P006;Granada;Tradicional;Secano;0.0109;Otra;Brotacion;Franco;Bueno;24;124;1132;0.0;0.0;22.7;9.2;85;3.14;1200.0;3.5;450.0;0.0;True;22;33
cliente_1_P007;Granada;Tradicional;Secano;2.4742;Picual;Floracion;Franco;Bueno;24;195;1130;0.0;0.0;22.7;9.2;85;3.0;1200.0;3.5;450.0;0.0;True;22;33
cliente_1_P008;Granada;Tradicional;Secano;1.8587;Picual;Floracion;Franco;Bueno;18;321;1127;0.0;0.0;22.7;9.2;85;3.17;1200.0;3.5;450.0;0.0;True;22;33
cliente_1_P009;Granada;Tradicional;Secano;0.9561;Picual;Cuajado;Franco;Bueno;25;112;1129;0.0;0.0;22.7;9.2;85;3.15;1200.0;3.5;450.0;0.0;True;22;33
cliente_1_P010;Granada;Tradicional;Secano;0.2912;Picual;Cuajado;Franco;Bueno;36;570;1184;0.0;0.0;22.3;9.2;85;4.02;1200.0;3.5;450.0;0.0;True;22;33
cliente_1_P011;Granada;Tradicional;Riego;1.1004;Picual;Floracion;Franco;Bueno;31;753;1159;0.0;0.0;22.5;9.2;85;3.41;3200.0;3.5;780.0;0.0;True;22;33
cliente_1_P012;Granada;Tradicional;Riego;0.3205;Picual;Floracion;Franco;Bueno;35;763;1176;0.0;0.0;22.4;9.2;85;3.53;3200.0;3.5;780.0;0.0;True;22;33
cliente_1_P013;Granada;Tradicional;Riego;0.3231;Hojiblanca;Brotacion;Franco;Bueno;40;824;1175;0.0;0.0;22.4;9.2;85;3.53;3100.0;3.65;780.0;0.0;True;22;33
cliente_1_P014;Granada;Tradicional;Riego;0.3257;Hojiblanca;Engorde;Franco;Bueno;38;892;1173;0.0;0.0;22.4;9.2;85;3.53;3100.0;3.65;780.0;0.0;True;22;33
cliente_1_P015;Granada;Tradicional;Riego;0.5602;Hojiblanca;Cuajado;Franco;Bueno;26;587;1186;0.0;0.0;22.3;9.2;85;4.36;3100.0;3.65;780.0;0.0;True;22;33
cliente_1_P016;Granada;Tradicional;Riego;0.0141;Hojiblanca;Floracion;Franco;Bueno;27;602;1185;0.0;0.0;22.3;9.2;85;4.36;3100.0;3.65;780.0;0.0;True;22;33
cliente_1_P017;Granada;Tradicional;Riego;0.0295;Hojiblanca;Engorde;Franco;Bueno;34;588;1185;0.0;0.0;22.3;9.2;85;4.36;3100.0;3.65;780.0;0.0;True;22;33
cliente_1_P018;Granada;Tradicional;Riego;0.4802;Hojiblanca;Cuajado;Franco;Bueno;31;389;1156;0.0;0.0;22.5;9.2;85;3.53;3100.0;3.65;780.0;0.0;True;22;33
cliente_1_P019;Granada;Tradicional;Riego;0.2458;Hojiblanca;Cuajado;Franco;Bueno;31;346;1192;0.0;0.0;22.3;9.2;85;4.6;3100.0;3.65;780.0;0.0;True;22;33
cliente_1_P020;Granada;Tradicional;Secano;0.1859;Hojiblanca;Cuajado;Franco;Bueno;30;298;1191;0.0;0.0;22.3;9.2;85;4.12;1100.0;3.65;450.0;0.0;True;22;33
cliente_1_P021;Granada;Tradicional;Secano;0.0132;Picual;Floracion;Franco;Bueno;27;382;1187;0.0;0.0;22.3;9.2;85;4.05;1200.0;3.5;450.0;0.0;True;22;33
cliente_1_P022;Granada;Tradicional;Secano;0.1667;Picual;Cuajado;Franco;Bueno;36;472;1179;0.0;0.0;22.4;9.2;85;4.21;1200.0;3.5;450.0;0.0;True;22;33
cliente_1_P023;Granada;Tradicional;Secano;0.2943;Picual;Floracion;Franco;Bueno;77;134;1162;0.0;0.0;22.5;9.2;85;3.62;1200.0;3.5;450.0;0.0;True;22;33
cliente_1_P024;Granada;Tradicional;Secano;0.085;Picual;Floracion;Franco;Bueno;32;777;1151;0.0;0.0;22.5;9.2;85;3.31;1200.0;3.5;450.0;0.0;True;22;33
cliente_1_P025;Granada;Intensivo;Secano;0.5729;Picual;Floracion;Franco;Bueno;24;808;1150;0.0;0.0;22.5;9.2;85;3.31;2200.0;3.5;650.0;0.0;True;22;33
cliente_1_P026;Granada;Tradicional;Riego;0.4775;Picual;Floracion;Franco;Bueno;20;118;1124;0.0;0.0;22.7;9.2;85;3.0;3200.0;3.5;780.0;0.0;True;22;33
cliente_1_P027;Granada;Tradicional;Riego;0.0208;Picual;Cuajado;Franco;Bueno;94;893;1106;0.0;0.0;22.8;9.2;85;3.31;3200.0;3.5;780.0;0.0;True;22;33
cliente_1_P028;Granada;Tradicional;Riego;2.1742;Picual;Engorde;Franco;Bueno;38;875;1110;0.0;0.0;22.8;9.2;85;3.52;3200.0;3.5;780.0;0.0;True;22;33
cliente_1_P029;Granada;Tradicional;Riego;0.3275;Arbequina;Floracion;Franco;Bueno;40;492;1159;0.0;0.0;22.5;9.2;85;3.6;2950.0;4.2;780.0;0.0;True;22;33
cliente_1_P030;Granada;Tradicional;Riego;2.713;Hojiblanca;Envero;Franco;Bueno;107;744;1204;0.0;0.0;22.5;12.5;110;3.14;3100.0;3.65;780.0;0.0;True;22;33
cliente_1_P031;Granada;Tradicional;Riego;0.0196;Hojiblanca;Maduracion;Franco;Bueno;39;434;1122;0.0;0.0;23.1;12.5;85;3.36;3100.0;3.65;780.0;0.0;True;22;33
cliente_1_P032;Granada;Tradicional;Riego;2.11;Hojiblanca;Engorde;Franco;Bueno;39;968;1112;0.0;0.0;22.8;9.2;85;3.5;3100.0;3.65;780.0;0.0;True;22;33
cliente_1_P033;Granada;Tradicional;Riego;0.2362;Hojiblanca;Cuajado;Franco;Bueno;28;890;1167;0.0;0.0;22.4;9.2;85;3.98;3100.0;3.65;780.0;0.0;True;22;33
